<?xml version="1.0" encoding="UTF-8"?>
<project-private xmlns="http://www.netbeans.org/ns/project-private/1">
    <editor-bookmarks xmlns="http://www.netbeans.org/ns/editor-bookmarks/2" lastBookmarkId="0"/>
    <open-files xmlns="http://www.netbeans.org/ns/projectui-open-files/2">
        <group>
            <file>file:/V:/My%20Documents/NetBeansProjects/Help_Credits/src/help_credits/Help_Credits.java</file>
            <file>file:/V:/My%20Documents/NetBeansProjects/Help_Credits/src/help_credits/Credits_JFrame.java</file>
        </group>
    </open-files>
</project-private>
